overlap,noise,dropout,split,lump,seed,method,precision,recall,f1,contradicting_units,matches,true_pairs,candidates,units_a,units_b
trench,0.0,0.1,0.05,0.05,0,text,0.16883116883116883,0.75,0.27561837455830396,536,231,52,15335,523,231
trench,0.0,0.1,0.05,0.05,0,+ period/type,0.9387755102040817,0.8846153846153846,0.9108910891089108,0,49,52,376,523,231
trench,0.0,0.1,0.05,0.05,0,+ cycle check,0.9387755102040817,0.8846153846153846,0.9108910891089108,0,49,52,376,523,231
trench,0.0,0.1,0.05,0.05,0,+ structure,1.0,0.9423076923076923,0.9702970297029703,0,49,52,376,523,231
trench,0.0,0.1,0.05,0.05,1,text,0.19742489270386265,0.8679245283018868,0.32167832167832167,530,233,53,15598,523,233
trench,0.0,0.1,0.05,0.05,1,+ period/type,1.0,0.9433962264150944,0.970873786407767,0,50,53,371,523,233
trench,0.0,0.1,0.05,0.05,1,+ cycle check,1.0,0.9433962264150944,0.970873786407767,0,50,53,371,523,233
trench,0.0,0.1,0.05,0.05,1,+ structure,1.0,0.9433962264150944,0.970873786407767,0,50,53,371,523,233
trench,0.0,0.1,0.05,0.05,2,text,0.2,0.8545454545454545,0.3241379310344828,559,235,55,15517,523,235
trench,0.0,0.1,0.05,0.05,2,+ period/type,1.0,0.9090909090909091,0.9523809523809523,0,50,55,394,523,235
trench,0.0,0.1,0.05,0.05,2,+ cycle check,1.0,0.9090909090909091,0.9523809523809523,0,50,55,394,523,235
trench,0.0,0.1,0.05,0.05,2,+ structure,1.0,0.9090909090909091,0.9523809523809523,0,50,55,394,523,235
trench,0.0,0.1,0.05,0.05,3,text,0.19230769230769232,0.8181818181818182,0.31141868512110726,514,234,55,15428,523,234
trench,0.0,0.1,0.05,0.05,3,+ period/type,0.98,0.8909090909090909,0.9333333333333333,0,50,55,400,523,234
trench,0.0,0.1,0.05,0.05,3,+ cycle check,0.98,0.8909090909090909,0.9333333333333333,0,50,55,400,523,234
trench,0.0,0.1,0.05,0.05,3,+ structure,0.98,0.8909090909090909,0.9333333333333333,0,50,55,400,523,234
trench,0.0,0.1,0.05,0.05,4,text,0.19480519480519481,0.8333333333333334,0.31578947368421056,521,231,54,15658,523,231
trench,0.0,0.1,0.05,0.05,4,+ period/type,0.9791666666666666,0.8703703703703703,0.9215686274509804,0,48,54,481,523,231
trench,0.0,0.1,0.05,0.05,4,+ cycle check,0.9791666666666666,0.8703703703703703,0.9215686274509804,0,48,54,481,523,231
trench,0.0,0.1,0.05,0.05,4,+ structure,0.9791666666666666,0.8703703703703703,0.9215686274509804,0,48,54,481,523,231
trench,0.0,0.1,0.05,0.05,5,text,0.20675105485232068,0.8909090909090909,0.33561643835616445,546,237,55,16380,523,237
trench,0.0,0.1,0.05,0.05,5,+ period/type,1.0,0.9454545454545454,0.9719626168224299,0,52,55,541,523,237
trench,0.0,0.1,0.05,0.05,5,+ cycle check,1.0,0.9454545454545454,0.9719626168224299,0,52,55,541,523,237
trench,0.0,0.1,0.05,0.05,5,+ structure,1.0,0.9454545454545454,0.9719626168224299,0,52,55,541,523,237
trench,0.0,0.1,0.05,0.05,6,text,0.19230769230769232,0.8333333333333334,0.3125,546,234,54,16090,523,234
trench,0.0,0.1,0.05,0.05,6,+ period/type,0.9803921568627451,0.9259259259259259,0.9523809523809523,12,51,54,444,523,234
trench,0.0,0.1,0.05,0.05,6,+ cycle check,1.0,0.9259259259259259,0.9615384615384615,0,50,54,444,523,234
trench,0.0,0.1,0.05,0.05,6,+ structure,1.0,0.9259259259259259,0.9615384615384615,0,50,54,444,523,234
trench,0.0,0.1,0.05,0.05,7,text,0.20512820512820512,0.9056603773584906,0.3344947735191638,524,234,53,16263,523,234
trench,0.0,0.1,0.05,0.05,7,+ period/type,1.0,0.9622641509433962,0.9807692307692307,0,51,53,427,523,234
trench,0.0,0.1,0.05,0.05,7,+ cycle check,1.0,0.9622641509433962,0.9807692307692307,0,51,53,427,523,234
trench,0.0,0.1,0.05,0.05,7,+ structure,1.0,0.9622641509433962,0.9807692307692307,0,51,53,427,523,234
trench,0.0,0.1,0.05,0.05,8,text,0.2,0.8518518518518519,0.32394366197183105,504,230,54,16095,523,230
trench,0.0,0.1,0.05,0.05,8,+ period/type,1.0,0.8703703703703703,0.9306930693069307,0,47,54,470,523,230
trench,0.0,0.1,0.05,0.05,8,+ cycle check,1.0,0.8703703703703703,0.9306930693069307,0,47,54,470,523,230
trench,0.0,0.1,0.05,0.05,8,+ structure,1.0,0.8703703703703703,0.9306930693069307,0,47,54,470,523,230
trench,0.0,0.1,0.05,0.05,9,text,0.19658119658119658,0.8518518518518519,0.3194444444444445,518,234,54,15664,523,234
trench,0.0,0.1,0.05,0.05,9,+ period/type,1.0,0.9259259259259259,0.9615384615384615,0,50,54,400,523,234
trench,0.0,0.1,0.05,0.05,9,+ cycle check,1.0,0.9259259259259259,0.9615384615384615,0,50,54,400,523,234
trench,0.0,0.1,0.05,0.05,9,+ structure,1.0,0.9259259259259259,0.9615384615384615,0,50,54,400,523,234
trench,0.2,0.1,0.05,0.05,0,text,0.06382978723404255,0.2727272727272727,0.10344827586206895,575,235,55,16638,523,235
trench,0.2,0.1,0.05,0.05,0,+ period/type,0.6170212765957447,0.5272727272727272,0.5686274509803921,43,47,55,441,523,235
trench,0.2,0.1,0.05,0.05,0,+ cycle check,0.6590909090909091,0.5272727272727272,0.5858585858585857,0,44,55,441,523,235
trench,0.2,0.1,0.05,0.05,0,+ structure,0.9,0.8181818181818182,0.8571428571428572,0,50,55,441,523,235
trench,0.2,0.1,0.05,0.05,1,text,0.07725321888412018,0.3333333333333333,0.1254355400696864,555,233,54,16642,523,233
trench,0.2,0.1,0.05,0.05,1,+ period/type,0.72,0.6666666666666666,0.6923076923076923,38,50,54,404,523,233
trench,0.2,0.1,0.05,0.05,1,+ cycle check,0.7755102040816326,0.7037037037037037,0.7378640776699029,0,49,54,404,523,233
trench,0.2,0.1,0.05,0.05,1,+ structure,0.9166666666666666,0.8148148148148148,0.8627450980392156,0,48,54,404,523,233
trench,0.2,0.1,0.05,0.05,2,text,0.07758620689655173,0.3333333333333333,0.1258741258741259,551,232,54,16049,523,232
trench,0.2,0.1,0.05,0.05,2,+ period/type,0.717391304347826,0.6111111111111112,0.6599999999999999,33,46,54,407,523,232
trench,0.2,0.1,0.05,0.05,2,+ cycle check,0.7272727272727273,0.5925925925925926,0.6530612244897959,0,44,54,407,523,232
trench,0.2,0.1,0.05,0.05,2,+ structure,0.8222222222222222,0.6851851851851852,0.7474747474747475,0,45,54,407,523,232
trench,0.2,0.1,0.05,0.05,3,text,0.0735930735930736,0.3269230769230769,0.12014134275618374,551,231,52,15966,523,231
trench,0.2,0.1,0.05,0.05,3,+ period/type,0.7727272727272727,0.6538461538461539,0.7083333333333333,5,44,52,417,523,231
trench,0.2,0.1,0.05,0.05,3,+ cycle check,0.7727272727272727,0.6538461538461539,0.7083333333333333,0,44,52,417,523,231
trench,0.2,0.1,0.05,0.05,3,+ structure,0.8723404255319149,0.7884615384615384,0.8282828282828283,0,47,52,417,523,231
trench,0.2,0.1,0.05,0.05,4,text,0.07327586206896551,0.32075471698113206,0.11929824561403507,568,232,53,16629,523,232
trench,0.2,0.1,0.05,0.05,4,+ period/type,0.7446808510638298,0.660377358490566,0.7,11,47,53,488,523,232
trench,0.2,0.1,0.05,0.05,4,+ cycle check,0.7608695652173914,0.660377358490566,0.7070707070707071,0,46,53,488,523,232
trench,0.2,0.1,0.05,0.05,4,+ structure,0.8936170212765957,0.7924528301886793,0.8400000000000001,0,47,53,488,523,232
trench,0.2,0.1,0.05,0.05,5,text,0.09361702127659574,0.39285714285714285,0.1512027491408935,585,235,56,16464,523,235
trench,0.2,0.1,0.05,0.05,5,+ period/type,0.8723404255319149,0.7321428571428571,0.7961165048543688,64,47,56,509,523,235
trench,0.2,0.1,0.05,0.05,5,+ cycle check,0.9130434782608695,0.75,0.8235294117647057,0,46,56,509,523,235
trench,0.2,0.1,0.05,0.05,5,+ structure,0.9574468085106383,0.8035714285714286,0.8737864077669905,0,47,56,509,523,235
trench,0.2,0.1,0.05,0.05,6,text,0.07264957264957266,0.3090909090909091,0.11764705882352941,589,234,55,16697,523,234
trench,0.2,0.1,0.05,0.05,6,+ period/type,0.7021276595744681,0.6,0.6470588235294118,36,47,55,461,523,234
trench,0.2,0.1,0.05,0.05,6,+ cycle check,0.7446808510638298,0.6363636363636364,0.6862745098039216,0,47,55,461,523,234
trench,0.2,0.1,0.05,0.05,6,+ structure,0.8297872340425532,0.7090909090909091,0.764705882352941,0,47,55,461,523,234
trench,0.2,0.1,0.05,0.05,7,text,0.08898305084745763,0.375,0.14383561643835618,621,236,56,17060,523,236
trench,0.2,0.1,0.05,0.05,7,+ period/type,0.68,0.6071428571428571,0.6415094339622641,60,50,56,477,523,236
trench,0.2,0.1,0.05,0.05,7,+ cycle check,0.6938775510204082,0.6071428571428571,0.6476190476190475,0,49,56,477,523,236
trench,0.2,0.1,0.05,0.05,7,+ structure,0.8775510204081632,0.7678571428571429,0.819047619047619,0,49,56,477,523,236
trench,0.2,0.1,0.05,0.05,8,text,0.08936170212765958,0.3888888888888889,0.1453287197231834,624,235,54,16614,523,235
trench,0.2,0.1,0.05,0.05,8,+ period/type,0.72,0.6666666666666666,0.6923076923076923,16,50,54,487,523,235
trench,0.2,0.1,0.05,0.05,8,+ cycle check,0.78,0.7222222222222222,0.7500000000000001,0,50,54,487,523,235
trench,0.2,0.1,0.05,0.05,8,+ structure,0.8823529411764706,0.8333333333333334,0.8571428571428571,0,51,54,487,523,235
trench,0.2,0.1,0.05,0.05,9,text,0.0815450643776824,0.3584905660377358,0.13286713286713286,571,233,53,15719,523,233
trench,0.2,0.1,0.05,0.05,9,+ period/type,0.6739130434782609,0.5849056603773585,0.6262626262626263,21,46,53,385,523,233
trench,0.2,0.1,0.05,0.05,9,+ cycle check,0.7111111111111111,0.6037735849056604,0.6530612244897959,0,45,53,385,523,233
trench,0.2,0.1,0.05,0.05,9,+ structure,0.9565217391304348,0.8301886792452831,0.888888888888889,0,46,53,385,523,233
trench,0.4,0.1,0.05,0.05,0,text,0.0211864406779661,0.09090909090909091,0.03436426116838488,584,236,55,16917,523,236
trench,0.4,0.1,0.05,0.05,0,+ period/type,0.4166666666666667,0.36363636363636365,0.38834951456310685,53,48,55,474,523,236
trench,0.4,0.1,0.05,0.05,0,+ cycle check,0.36363636363636365,0.2909090909090909,0.3232323232323232,0,44,55,474,523,236
trench,0.4,0.1,0.05,0.05,0,+ structure,0.5333333333333333,0.43636363636363634,0.4799999999999999,0,45,55,474,523,236
trench,0.4,0.1,0.05,0.05,1,text,0.02575107296137339,0.1111111111111111,0.041811846689895474,601,233,54,17372,523,233
trench,0.4,0.1,0.05,0.05,1,+ period/type,0.3333333333333333,0.2777777777777778,0.303030303030303,42,45,54,470,523,233
trench,0.4,0.1,0.05,0.05,1,+ cycle check,0.3181818181818182,0.25925925925925924,0.2857142857142857,0,44,54,470,523,233
trench,0.4,0.1,0.05,0.05,1,+ structure,0.37777777777777777,0.3148148148148148,0.34343434343434337,0,45,54,470,523,233
trench,0.4,0.1,0.05,0.05,2,text,0.012711864406779662,0.05263157894736842,0.020477815699658706,594,236,57,17506,523,236
trench,0.4,0.1,0.05,0.05,2,+ period/type,0.3404255319148936,0.2807017543859649,0.30769230769230765,102,47,57,427,523,236
trench,0.4,0.1,0.05,0.05,2,+ cycle check,0.41304347826086957,0.3333333333333333,0.36893203883495146,0,46,57,427,523,236
trench,0.4,0.1,0.05,0.05,2,+ structure,0.5476190476190477,0.40350877192982454,0.4646464646464647,0,42,57,427,523,236
trench,0.4,0.1,0.05,0.05,3,text,0.02531645569620253,0.10714285714285714,0.040955631399317405,611,237,56,17500,523,237
trench,0.4,0.1,0.05,0.05,3,+ period/type,0.3541666666666667,0.30357142857142855,0.3269230769230769,73,48,56,448,523,237
trench,0.4,0.1,0.05,0.05,3,+ cycle check,0.3902439024390244,0.2857142857142857,0.32989690721649484,0,41,56,448,523,237
trench,0.4,0.1,0.05,0.05,3,+ structure,0.4444444444444444,0.35714285714285715,0.396039603960396,0,45,56,448,523,237
trench,0.4,0.1,0.05,0.05,4,text,0.03879310344827586,0.17307692307692307,0.06338028169014084,551,232,52,16888,523,232
trench,0.4,0.1,0.05,0.05,4,+ period/type,0.45454545454545453,0.38461538461538464,0.41666666666666663,70,44,52,528,523,232
trench,0.4,0.1,0.05,0.05,4,+ cycle check,0.5454545454545454,0.46153846153846156,0.4999999999999999,0,44,52,528,523,232
trench,0.4,0.1,0.05,0.05,4,+ structure,0.6222222222222222,0.5384615384615384,0.577319587628866,0,45,52,528,523,232
trench,0.4,0.1,0.05,0.05,5,text,0.05508474576271186,0.23214285714285715,0.08904109589041095,599,236,56,16870,523,236
trench,0.4,0.1,0.05,0.05,5,+ period/type,0.5510204081632653,0.48214285714285715,0.5142857142857142,52,49,56,451,523,236
trench,0.4,0.1,0.05,0.05,5,+ cycle check,0.6136363636363636,0.48214285714285715,0.54,0,44,56,451,523,236
trench,0.4,0.1,0.05,0.05,5,+ structure,0.8723404255319149,0.7321428571428571,0.7961165048543688,0,47,56,451,523,236
trench,0.4,0.1,0.05,0.05,6,text,0.04700854700854701,0.2,0.07612456747404844,603,234,55,17248,523,234
trench,0.4,0.1,0.05,0.05,6,+ period/type,0.4888888888888889,0.4,0.44000000000000006,67,45,55,422,523,234
trench,0.4,0.1,0.05,0.05,6,+ cycle check,0.46511627906976744,0.36363636363636365,0.4081632653061224,0,43,55,422,523,234
trench,0.4,0.1,0.05,0.05,6,+ structure,0.574468085106383,0.4909090909090909,0.5294117647058822,0,47,55,422,523,234
trench,0.4,0.1,0.05,0.05,7,text,0.04721030042918455,0.2037037037037037,0.07665505226480837,589,233,54,16622,523,233
trench,0.4,0.1,0.05,0.05,7,+ period/type,0.4883720930232558,0.3888888888888889,0.43298969072164956,60,43,54,407,523,233
trench,0.4,0.1,0.05,0.05,7,+ cycle check,0.47619047619047616,0.37037037037037035,0.4166666666666667,0,42,54,407,523,233
trench,0.4,0.1,0.05,0.05,7,+ structure,0.75,0.6666666666666666,0.7058823529411765,0,48,54,407,523,233
trench,0.4,0.1,0.05,0.05,8,text,0.016877637130801686,0.07017543859649122,0.027210884353741492,628,237,57,18185,523,237
trench,0.4,0.1,0.05,0.05,8,+ period/type,0.24489795918367346,0.21052631578947367,0.22641509433962262,104,49,57,512,523,237
trench,0.4,0.1,0.05,0.05,8,+ cycle check,0.2826086956521739,0.22807017543859648,0.25242718446601936,0,46,57,512,523,237
trench,0.4,0.1,0.05,0.05,8,+ structure,0.5,0.43859649122807015,0.46728971962616817,0,50,57,512,523,237
trench,0.4,0.1,0.05,0.05,9,text,0.034482758620689655,0.15384615384615385,0.056338028169014086,546,232,52,16781,523,232
trench,0.4,0.1,0.05,0.05,9,+ period/type,0.3333333333333333,0.28846153846153844,0.3092783505154639,53,45,52,401,523,232
trench,0.4,0.1,0.05,0.05,9,+ cycle check,0.36363636363636365,0.3076923076923077,0.33333333333333337,0,44,52,401,523,232
trench,0.4,0.1,0.05,0.05,9,+ structure,0.5348837209302325,0.4423076923076923,0.4842105263157894,0,43,52,401,523,232
trench,0.4,0.3,0.05,0.05,0,text,0.0211864406779661,0.09090909090909091,0.03436426116838488,137,236,55,16917,523,236
trench,0.4,0.3,0.05,0.05,0,+ period/type,0.4166666666666667,0.36363636363636365,0.38834951456310685,44,48,55,474,523,236
trench,0.4,0.3,0.05,0.05,0,+ cycle check,0.4,0.32727272727272727,0.36000000000000004,0,45,55,474,523,236
trench,0.4,0.3,0.05,0.05,0,+ structure,0.4782608695652174,0.4,0.43564356435643564,0,46,55,474,523,236
trench,0.4,0.3,0.05,0.05,1,text,0.02575107296137339,0.1111111111111111,0.041811846689895474,301,233,54,17372,523,233
trench,0.4,0.3,0.05,0.05,1,+ period/type,0.3333333333333333,0.2777777777777778,0.303030303030303,18,45,54,470,523,233
trench,0.4,0.3,0.05,0.05,1,+ cycle check,0.3409090909090909,0.2777777777777778,0.3061224489795918,0,44,54,470,523,233
trench,0.4,0.3,0.05,0.05,1,+ structure,0.4,0.3333333333333333,0.3636363636363636,0,45,54,470,523,233
trench,0.4,0.3,0.05,0.05,2,text,0.012711864406779662,0.05263157894736842,0.020477815699658706,238,236,57,17506,523,236
trench,0.4,0.3,0.05,0.05,2,+ period/type,0.3404255319148936,0.2807017543859649,0.30769230769230765,24,47,57,427,523,236
trench,0.4,0.3,0.05,0.05,2,+ cycle check,0.3541666666666667,0.2982456140350877,0.3238095238095238,0,48,57,427,523,236
trench,0.4,0.3,0.05,0.05,2,+ structure,0.4318181818181818,0.3333333333333333,0.3762376237623762,0,44,57,427,523,236
trench,0.4,0.3,0.05,0.05,3,text,0.02531645569620253,0.10714285714285714,0.040955631399317405,343,237,56,17500,523,237
trench,0.4,0.3,0.05,0.05,3,+ period/type,0.3541666666666667,0.30357142857142855,0.3269230769230769,10,48,56,448,523,237
trench,0.4,0.3,0.05,0.05,3,+ cycle check,0.3404255319148936,0.2857142857142857,0.3106796116504854,0,47,56,448,523,237
trench,0.4,0.3,0.05,0.05,3,+ structure,0.45652173913043476,0.375,0.41176470588235287,0,46,56,448,523,237
trench,0.4,0.3,0.05,0.05,4,text,0.03879310344827586,0.17307692307692307,0.06338028169014084,232,232,52,16888,523,232
trench,0.4,0.3,0.05,0.05,4,+ period/type,0.45454545454545453,0.38461538461538464,0.41666666666666663,38,44,52,528,523,232
trench,0.4,0.3,0.05,0.05,4,+ cycle check,0.5,0.4230769230769231,0.4583333333333333,0,44,52,528,523,232
trench,0.4,0.3,0.05,0.05,4,+ structure,0.5434782608695652,0.4807692307692308,0.5102040816326531,0,46,52,528,523,232
trench,0.4,0.3,0.05,0.05,5,text,0.05508474576271186,0.23214285714285715,0.08904109589041095,177,236,56,16870,523,236
trench,0.4,0.3,0.05,0.05,5,+ period/type,0.5510204081632653,0.48214285714285715,0.5142857142857142,6,49,56,451,523,236
trench,0.4,0.3,0.05,0.05,5,+ cycle check,0.5625,0.48214285714285715,0.5192307692307692,0,48,56,451,523,236
trench,0.4,0.3,0.05,0.05,5,+ structure,0.6041666666666666,0.5178571428571429,0.5576923076923077,0,48,56,451,523,236
trench,0.4,0.3,0.05,0.05,6,text,0.04700854700854701,0.2,0.07612456747404844,77,234,55,17248,523,234
trench,0.4,0.3,0.05,0.05,6,+ period/type,0.4888888888888889,0.4,0.44000000000000006,20,45,55,422,523,234
trench,0.4,0.3,0.05,0.05,6,+ cycle check,0.5,0.41818181818181815,0.4554455445544554,0,46,55,422,523,234
trench,0.4,0.3,0.05,0.05,6,+ structure,0.5333333333333333,0.43636363636363634,0.4799999999999999,0,45,55,422,523,234
trench,0.4,0.3,0.05,0.05,7,text,0.04721030042918455,0.2037037037037037,0.07665505226480837,234,233,54,16622,523,233
trench,0.4,0.3,0.05,0.05,7,+ period/type,0.4883720930232558,0.3888888888888889,0.43298969072164956,24,43,54,407,523,233
trench,0.4,0.3,0.05,0.05,7,+ cycle check,0.46511627906976744,0.37037037037037035,0.41237113402061853,0,43,54,407,523,233
trench,0.4,0.3,0.05,0.05,7,+ structure,0.5652173913043478,0.48148148148148145,0.52,0,46,54,407,523,233
trench,0.4,0.3,0.05,0.05,8,text,0.016877637130801686,0.07017543859649122,0.027210884353741492,265,237,57,18185,523,237
trench,0.4,0.3,0.05,0.05,8,+ period/type,0.24489795918367346,0.21052631578947367,0.22641509433962262,33,49,57,512,523,237
trench,0.4,0.3,0.05,0.05,8,+ cycle check,0.22916666666666666,0.19298245614035087,0.2095238095238095,0,48,57,512,523,237
trench,0.4,0.3,0.05,0.05,8,+ structure,0.22448979591836735,0.19298245614035087,0.20754716981132076,0,49,57,512,523,237
trench,0.4,0.3,0.05,0.05,9,text,0.034482758620689655,0.15384615384615385,0.056338028169014086,297,232,52,16781,523,232
trench,0.4,0.3,0.05,0.05,9,+ period/type,0.3333333333333333,0.28846153846153844,0.3092783505154639,24,45,52,401,523,232
trench,0.4,0.3,0.05,0.05,9,+ cycle check,0.3409090909090909,0.28846153846153844,0.31249999999999994,0,44,52,401,523,232
trench,0.4,0.3,0.05,0.05,9,+ structure,0.3695652173913043,0.3269230769230769,0.346938775510204,0,46,52,401,523,232
full,0.0,0.1,0.05,0.05,0,text,0.8326118326118326,0.7672872340425532,0.7986159169550172,1108,693,752,62762,705,699
full,0.0,0.1,0.05,0.05,0,+ period/type,0.8708272859216255,0.7978723404255319,0.8327550312283136,935,689,752,32378,705,699
full,0.0,0.1,0.05,0.05,0,+ cycle check,0.883480825958702,0.7965425531914894,0.8377622377622377,0,678,752,32378,705,699
full,0.0,0.1,0.05,0.05,0,+ structure,0.9518950437317785,0.8683510638297872,0.9082058414464534,0,686,752,32378,705,699
full,0.0,0.1,0.05,0.05,1,text,0.8209169054441261,0.7691275167785235,0.7941787941787942,992,698,745,63805,705,702
full,0.0,0.1,0.05,0.05,1,+ period/type,0.8706395348837209,0.8040268456375839,0.8360083740404745,867,688,745,32794,705,702
full,0.0,0.1,0.05,0.05,1,+ cycle check,0.8547904191616766,0.7664429530201342,0.808209483368719,0,668,745,32794,705,702
full,0.0,0.1,0.05,0.05,1,+ structure,0.9607558139534884,0.887248322147651,0.9225401256106072,0,688,745,32794,705,702
full,0.0,0.1,0.05,0.05,2,text,0.836441893830703,0.7825503355704698,0.8085991678224689,997,697,745,63729,705,708
full,0.0,0.1,0.05,0.05,2,+ period/type,0.8643578643578643,0.8040268456375839,0.8331015299026425,827,693,745,33322,705,708
full,0.0,0.1,0.05,0.05,2,+ cycle check,0.8761061946902655,0.7973154362416107,0.8348559381588194,0,678,745,33322,705,708
full,0.0,0.1,0.05,0.05,2,+ structure,0.9667149059334298,0.8966442953020134,0.9303621169916434,0,691,745,33322,705,708
full,0.0,0.1,0.05,0.05,3,text,0.8208092485549133,0.7696476964769647,0.7944055944055943,1005,692,738,62388,705,693
full,0.0,0.1,0.05,0.05,3,+ period/type,0.8746355685131195,0.8130081300813008,0.8426966292134831,826,686,738,32723,705,693
full,0.0,0.1,0.05,0.05,3,+ cycle check,0.8799414348462665,0.8143631436314364,0.8458831808585504,0,683,738,32723,705,693
full,0.0,0.1,0.05,0.05,3,+ structure,0.9575402635431918,0.8861788617886179,0.9204785362420831,0,683,738,32723,705,693
full,0.0,0.1,0.05,0.05,4,text,0.8201438848920863,0.7610146862483311,0.7894736842105263,1090,695,749,63753,705,701
full,0.0,0.1,0.05,0.05,4,+ period/type,0.8600583090379009,0.787716955941255,0.8222996515679443,905,686,749,33554,705,701
full,0.0,0.1,0.05,0.05,4,+ cycle check,0.8691176470588236,0.7890520694259012,0.8271518544436669,0,680,749,33554,705,701
full,0.0,0.1,0.05,0.05,4,+ structure,0.966374269005848,0.8825100133511349,0.922540125610607,0,684,749,33554,705,701
full,0.0,0.1,0.05,0.05,5,text,0.82689556509299,0.7768817204301075,0.801108801108801,1014,699,744,65381,705,708
full,0.0,0.1,0.05,0.05,5,+ period/type,0.8573487031700289,0.7997311827956989,0.827538247566064,850,694,744,33560,705,708
full,0.0,0.1,0.05,0.05,5,+ cycle check,0.8755490483162518,0.803763440860215,0.8381219341275403,0,683,744,33560,705,708
full,0.0,0.1,0.05,0.05,5,+ structure,0.9638728323699421,0.896505376344086,0.9289693593314763,0,692,744,33560,705,708
full,0.0,0.1,0.05,0.05,6,text,0.8034682080924855,0.7574931880108992,0.779803646563815,1042,692,734,64566,705,694
full,0.0,0.1,0.05,0.05,6,+ period/type,0.8575581395348837,0.8038147138964578,0.8298171589310829,788,688,734,33679,705,694
full,0.0,0.1,0.05,0.05,6,+ cycle check,0.8718330849478391,0.7970027247956403,0.8327402135231317,0,671,734,33679,705,694
full,0.0,0.1,0.05,0.05,6,+ structure,0.9692532942898975,0.9019073569482289,0.9343683839096684,0,683,734,33679,705,694
full,0.0,0.1,0.05,0.05,7,text,0.8242074927953891,0.7719298245614035,0.797212543554007,1031,694,741,65324,705,706
full,0.0,0.1,0.05,0.05,7,+ period/type,0.8753623188405797,0.815114709851552,0.8441649196366177,840,690,741,33782,705,706
full,0.0,0.1,0.05,0.05,7,+ cycle check,0.8828696925329429,0.8137651821862348,0.8469101123595505,0,683,741,33782,705,706
full,0.0,0.1,0.05,0.05,7,+ structure,0.9694767441860465,0.9001349527665317,0.9335199440167948,0,688,741,33782,705,706
full,0.0,0.1,0.05,0.05,8,text,0.8418740849194729,0.78125,0.810429880197322,984,683,736,65468,705,688
full,0.0,0.1,0.05,0.05,8,+ period/type,0.8808823529411764,0.813858695652174,0.846045197740113,815,680,736,34394,705,688
full,0.0,0.1,0.05,0.05,8,+ cycle check,0.8931750741839762,0.8179347826086957,0.8539007092198582,0,674,736,34394,705,688
full,0.0,0.1,0.05,0.05,8,+ structure,0.96759941089838,0.8926630434782609,0.9286219081272085,0,679,736,34394,705,688
full,0.0,0.1,0.05,0.05,9,text,0.8306801736613604,0.7852257181942545,0.8073136427566808,1021,691,731,63096,705,693
full,0.0,0.1,0.05,0.05,9,+ period/type,0.8819241982507289,0.8276333789329685,0.8539167254763586,850,686,731,33634,705,693
full,0.0,0.1,0.05,0.05,9,+ cycle check,0.9017595307917888,0.841313269493844,0.8704883227176221,0,682,731,33634,705,693
full,0.0,0.1,0.05,0.05,9,+ structure,0.9780058651026393,0.9124487004103967,0.9440905874026894,0,682,731,33634,705,693
full,0.2,0.1,0.05,0.05,0,text,0.2861230329041488,0.26525198938992045,0.2752924982794219,1269,699,754,65459,705,719
full,0.2,0.1,0.05,0.05,0,+ period/type,0.4211287988422576,0.3859416445623342,0.4027681660899654,1122,691,754,34096,705,719
full,0.2,0.1,0.05,0.05,0,+ cycle check,0.4657534246575342,0.40583554376657827,0.4337349397590361,0,657,754,34096,705,719
full,0.2,0.1,0.05,0.05,0,+ structure,0.7130177514792899,0.6392572944297082,0.6741258741258741,0,676,754,34096,705,719
full,0.2,0.1,0.05,0.05,1,text,0.3261494252873563,0.30510752688172044,0.31527777777777777,1311,696,744,67678,705,713
full,0.2,0.1,0.05,0.05,1,+ period/type,0.44477172312223856,0.40591397849462363,0.4244553759662684,1167,679,744,35087,705,713
full,0.2,0.1,0.05,0.05,1,+ cycle check,0.471875,0.40591397849462363,0.4364161849710983,0,640,744,35087,705,713
full,0.2,0.1,0.05,0.05,1,+ structure,0.787833827893175,0.7137096774193549,0.7489421720733428,0,674,744,35087,705,713
full,0.2,0.1,0.05,0.05,2,text,0.30835734870317005,0.28609625668449196,0.29680998613037446,1314,694,748,67758,705,719
full,0.2,0.1,0.05,0.05,2,+ period/type,0.4055232558139535,0.3729946524064171,0.38857938718662954,1232,688,748,35485,705,719
full,0.2,0.1,0.05,0.05,2,+ cycle check,0.4453004622496148,0.38636363636363635,0.41374373657838226,0,649,748,35485,705,719
full,0.2,0.1,0.05,0.05,2,+ structure,0.711738484398217,0.6403743315508021,0.6741731175228712,0,673,748,35485,705,719
full,0.2,0.1,0.05,0.05,3,text,0.30071942446043165,0.2835820895522388,0.29189944134078216,1293,695,737,65060,705,707
full,0.2,0.1,0.05,0.05,3,+ period/type,0.436046511627907,0.40705563093622793,0.42105263157894735,1249,688,737,34534,705,707
full,0.2,0.1,0.05,0.05,3,+ cycle check,0.5086342229199372,0.4396200814111262,0.47161572052401746,0,637,737,34534,705,707
full,0.2,0.1,0.05,0.05,3,+ structure,0.7382753403933434,0.6621438263229308,0.698140200286123,0,661,737,34534,705,707
full,0.2,0.1,0.05,0.05,4,text,0.30158730158730157,0.2828146143437077,0.2918994413407821,1308,693,739,65931,705,704
full,0.2,0.1,0.05,0.05,4,+ period/type,0.42584434654919234,0.39242219215155616,0.4084507042253521,1287,681,739,34313,705,704
full,0.2,0.1,0.05,0.05,4,+ cycle check,0.471875,0.40866035182679294,0.43799854967367663,0,640,739,34313,705,704
full,0.2,0.1,0.05,0.05,4,+ structure,0.6890243902439024,0.6116373477672531,0.6480286738351254,0,656,739,34313,705,704
full,0.2,0.1,0.05,0.05,5,text,0.27071005917159763,0.25,0.2599431818181818,1291,676,732,64294,705,679
full,0.2,0.1,0.05,0.05,5,+ period/type,0.3997005988023952,0.36475409836065575,0.38142857142857145,1198,668,732,33229,705,679
full,0.2,0.1,0.05,0.05,5,+ cycle check,0.4426751592356688,0.3797814207650273,0.40882352941176475,0,628,732,33229,705,679
full,0.2,0.1,0.05,0.05,5,+ structure,0.7325227963525835,0.6584699453551912,0.6935251798561151,0,658,732,33229,705,679
full,0.2,0.1,0.05,0.05,6,text,0.3260233918128655,0.30257801899592945,0.3138634764250528,1244,684,737,65157,705,689
full,0.2,0.1,0.05,0.05,6,+ period/type,0.4319880418535127,0.3921302578018996,0.41109530583214793,1184,669,737,34053,705,689
full,0.2,0.1,0.05,0.05,6,+ cycle check,0.47791798107255523,0.41112618724559025,0.4420131291028447,0,634,737,34053,705,689
full,0.2,0.1,0.05,0.05,6,+ structure,0.6946564885496184,0.6173677069199457,0.6537356321839081,0,655,737,34053,705,689
full,0.2,0.1,0.05,0.05,7,text,0.3218884120171674,0.29880478087649404,0.30991735537190085,1287,699,753,69340,705,712
full,0.2,0.1,0.05,0.05,7,+ period/type,0.4408759124087591,0.40106241699867196,0.42002781641168285,1223,685,753,36358,705,712
full,0.2,0.1,0.05,0.05,7,+ cycle check,0.46551724137931033,0.3944223107569721,0.42703091301222135,0,638,753,36358,705,712
full,0.2,0.1,0.05,0.05,7,+ structure,0.7334315169366715,0.6613545816733067,0.6955307262569832,0,679,753,36358,705,712
full,0.2,0.1,0.05,0.05,8,text,0.3023255813953488,0.27882037533512066,0.2900976290097629,1286,688,746,67141,705,697
full,0.2,0.1,0.05,0.05,8,+ period/type,0.3944281524926686,0.3605898123324397,0.37675070028011204,1195,682,746,35354,705,697
full,0.2,0.1,0.05,0.05,8,+ cycle check,0.43622047244094486,0.37131367292225204,0.4011585807385952,0,635,746,35354,705,697
full,0.2,0.1,0.05,0.05,8,+ structure,0.6870229007633588,0.6032171581769437,0.6423982869379015,0,655,746,35354,705,697
full,0.2,0.1,0.05,0.05,9,text,0.3053545586107091,0.2832214765100671,0.29387186629526457,1264,691,745,64220,705,700
full,0.2,0.1,0.05,0.05,9,+ period/type,0.4116788321167883,0.3785234899328859,0.3944055944055944,1159,685,745,33874,705,700
full,0.2,0.1,0.05,0.05,9,+ cycle check,0.45161290322580644,0.3946308724832215,0.42120343839541546,0,651,745,33874,705,700
full,0.2,0.1,0.05,0.05,9,+ structure,0.7070254110612855,0.6348993288590604,0.6690240452616689,0,669,745,33874,705,700
full,0.4,0.1,0.05,0.05,0,text,0.0915805022156573,0.08481532147742818,0.08806818181818182,1290,677,731,64274,705,684
full,0.4,0.1,0.05,0.05,0,+ period/type,0.14925373134328357,0.13679890560875513,0.1427551748750892,1288,670,731,33340,705,684
full,0.4,0.1,0.05,0.05,0,+ cycle check,0.156957928802589,0.1326949384404925,0.14381022979985175,0,618,731,33340,705,684
full,0.4,0.1,0.05,0.05,0,+ structure,0.2539936102236422,0.21751025991792067,0.234340456890199,0,626,731,33340,705,684
full,0.4,0.1,0.05,0.05,1,text,0.11671469740634005,0.10945945945945947,0.11297071129707115,1311,694,740,69278,705,708
full,0.4,0.1,0.05,0.05,1,+ period/type,0.17276720351390923,0.15945945945945947,0.1658468025298665,1241,683,740,35642,705,708
full,0.4,0.1,0.05,0.05,1,+ cycle check,0.16987179487179488,0.14324324324324325,0.15542521994134897,0,624,740,35642,705,708
full,0.4,0.1,0.05,0.05,1,+ structure,0.266025641025641,0.22432432432432434,0.2434017595307918,0,624,740,35642,705,708
full,0.4,0.1,0.05,0.05,2,text,0.10787172011661808,0.10068027210884353,0.10415200562983813,1334,686,735,68335,705,698
full,0.4,0.1,0.05,0.05,2,+ period/type,0.15781710914454278,0.145578231292517,0.15145081387119602,1271,678,735,35379,705,698
full,0.4,0.1,0.05,0.05,2,+ cycle check,0.17258064516129032,0.145578231292517,0.15793357933579336,0,620,735,35379,705,698
full,0.4,0.1,0.05,0.05,2,+ structure,0.2416,0.2054421768707483,0.22205882352941178,0,625,735,35379,705,698
full,0.4,0.1,0.05,0.05,3,text,0.07101449275362319,0.06693989071038252,0.0689170182841069,1327,690,732,66655,705,697
full,0.4,0.1,0.05,0.05,3,+ period/type,0.12794117647058822,0.11885245901639344,0.12322946175637393,1309,680,732,34922,705,697
full,0.4,0.1,0.05,0.05,3,+ cycle check,0.15196078431372548,0.12704918032786885,0.13839285714285712,0,612,732,34922,705,697
full,0.4,0.1,0.05,0.05,3,+ structure,0.21405750798722045,0.1830601092896175,0.19734904270986744,0,626,732,34922,705,697
full,0.4,0.1,0.05,0.05,4,text,0.10218978102189781,0.09562841530054644,0.09880028228652082,1348,685,732,68155,705,693
full,0.4,0.1,0.05,0.05,4,+ period/type,0.16765578635014836,0.15437158469945356,0.16073968705547653,1270,674,732,34850,705,693
full,0.4,0.1,0.05,0.05,4,+ cycle check,0.18923327895595432,0.15846994535519127,0.1724907063197026,0,613,732,34850,705,693
full,0.4,0.1,0.05,0.05,4,+ structure,0.2669826224328594,0.23087431693989072,0.24761904761904766,0,633,732,34850,705,693
full,0.4,0.1,0.05,0.05,5,text,0.09197080291970802,0.08525033829499323,0.08848314606741572,1311,685,739,66651,705,689
full,0.4,0.1,0.05,0.05,5,+ period/type,0.1664167916041979,0.15020297699594046,0.15789473684210525,1266,667,739,34398,705,689
full,0.4,0.1,0.05,0.05,5,+ cycle check,0.18780096308186195,0.15832205683355885,0.17180616740088103,0,623,739,34398,705,689
full,0.4,0.1,0.05,0.05,5,+ structure,0.27586206896551724,0.2381596752368065,0.2556281771968047,0,638,739,34398,705,689
full,0.4,0.1,0.05,0.05,6,text,0.09855072463768116,0.0927694406548431,0.09557273366127898,1335,690,733,68775,705,698
full,0.4,0.1,0.05,0.05,6,+ period/type,0.16148148148148148,0.14870395634379263,0.15482954545454547,1272,675,733,36127,705,698
full,0.4,0.1,0.05,0.05,6,+ cycle check,0.20096463022508038,0.17053206002728513,0.18450184501845018,0,622,733,36127,705,698
full,0.4,0.1,0.05,0.05,6,+ structure,0.3333333333333333,0.2878581173260573,0.3089311859443631,0,633,733,36127,705,698
full,0.4,0.1,0.05,0.05,7,text,0.0994236311239193,0.0931174089068826,0.09616724738675958,1298,694,741,67992,705,701
full,0.4,0.1,0.05,0.05,7,+ period/type,0.1744868035190616,0.16059379217273953,0.1672522839072382,1266,682,741,35578,705,701
full,0.4,0.1,0.05,0.05,7,+ cycle check,0.17665615141955837,0.15114709851551958,0.16290909090909095,0,634,741,35578,705,701
full,0.4,0.1,0.05,0.05,7,+ structure,0.29890453834115804,0.25775978407557354,0.2768115942028986,0,639,741,35578,705,701
full,0.4,0.1,0.05,0.05,8,text,0.10174418604651163,0.09395973154362416,0.09769713886950454,1319,688,745,68691,705,701
full,0.4,0.1,0.05,0.05,8,+ period/type,0.16789396170839468,0.15302013422818792,0.1601123595505618,1290,679,745,35640,705,701
full,0.4,0.1,0.05,0.05,8,+ cycle check,0.2025518341307815,0.1704697986577181,0.18513119533527697,0,627,745,35640,705,701
full,0.4,0.1,0.05,0.05,8,+ structure,0.3028391167192429,0.25771812080536916,0.2784626540971719,0,634,745,35640,705,701
full,0.4,0.1,0.05,0.05,9,text,0.08115942028985507,0.07557354925775979,0.0782669461914745,1301,690,741,66801,705,696
full,0.4,0.1,0.05,0.05,9,+ period/type,0.15407407407407409,0.14035087719298245,0.14689265536723164,1257,675,741,34868,705,696
full,0.4,0.1,0.05,0.05,9,+ cycle check,0.16293929712460065,0.13765182186234817,0.14923189465983908,0,626,741,34868,705,696
full,0.4,0.1,0.05,0.05,9,+ structure,0.24644549763033174,0.21052631578947367,0.22707423580786026,0,633,741,34868,705,696
full,0.4,0.3,0.05,0.05,0,text,0.0915805022156573,0.08481532147742818,0.08806818181818182,1054,677,731,64274,705,684
full,0.4,0.3,0.05,0.05,0,+ period/type,0.14925373134328357,0.13679890560875513,0.1427551748750892,946,670,731,33340,705,684
full,0.4,0.3,0.05,0.05,0,+ cycle check,0.15725190839694655,0.1409028727770178,0.14862914862914864,0,655,731,33340,705,684
full,0.4,0.3,0.05,0.05,0,+ structure,0.2100456621004566,0.18878248974008208,0.19884726224783864,0,657,731,33340,705,684
full,0.4,0.3,0.05,0.05,1,text,0.11671469740634005,0.10945945945945947,0.11297071129707115,1036,694,740,69278,705,708
full,0.4,0.3,0.05,0.05,1,+ period/type,0.17276720351390923,0.15945945945945947,0.1658468025298665,921,683,740,35642,705,708
full,0.4,0.3,0.05,0.05,1,+ cycle check,0.17443609022556392,0.15675675675675677,0.16512455516014235,0,665,740,35642,705,708
full,0.4,0.3,0.05,0.05,1,+ structure,0.23809523809523808,0.21621621621621623,0.22662889518413595,0,672,740,35642,705,708
full,0.4,0.3,0.05,0.05,2,text,0.10787172011661808,0.10068027210884353,0.10415200562983813,954,686,735,68335,705,698
full,0.4,0.3,0.05,0.05,2,+ period/type,0.15781710914454278,0.145578231292517,0.15145081387119602,857,678,735,35379,705,698
full,0.4,0.3,0.05,0.05,2,+ cycle check,0.15765765765765766,0.14285714285714285,0.14989293361884368,0,666,735,35379,705,698
full,0.4,0.3,0.05,0.05,2,+ structure,0.22038980509745126,0.2,0.20970042796005706,0,667,735,35379,705,698
full,0.4,0.3,0.05,0.05,3,text,0.07101449275362319,0.06693989071038252,0.0689170182841069,994,690,732,66655,705,697
full,0.4,0.3,0.05,0.05,3,+ period/type,0.12794117647058822,0.11885245901639344,0.12322946175637393,920,680,732,34922,705,697
full,0.4,0.3,0.05,0.05,3,+ cycle check,0.13010590015128592,0.11748633879781421,0.12347451543431442,0,661,732,34922,705,697
full,0.4,0.3,0.05,0.05,3,+ structure,0.15639097744360902,0.14207650273224043,0.148890479599141,0,665,732,34922,705,697
full,0.4,0.3,0.05,0.05,4,text,0.10218978102189781,0.09562841530054644,0.09880028228652082,996,685,732,68155,705,693
full,0.4,0.3,0.05,0.05,4,+ period/type,0.16765578635014836,0.15437158469945356,0.16073968705547653,912,674,732,34850,705,693
full,0.4,0.3,0.05,0.05,4,+ cycle check,0.1719939117199391,0.15437158469945356,0.1627069834413247,0,657,732,34850,705,693
full,0.4,0.3,0.05,0.05,4,+ structure,0.24205748865355523,0.2185792349726776,0.2297200287150036,0,661,732,34850,705,693
full,0.4,0.3,0.05,0.05,5,text,0.09197080291970802,0.08525033829499323,0.08848314606741572,984,685,739,66651,705,689
full,0.4,0.3,0.05,0.05,5,+ period/type,0.1664167916041979,0.15020297699594046,0.15789473684210525,904,667,739,34398,705,689
full,0.4,0.3,0.05,0.05,5,+ cycle check,0.16946564885496182,0.15020297699594046,0.15925394548063126,0,655,739,34398,705,689
full,0.4,0.3,0.05,0.05,5,+ structure,0.24164133738601823,0.21515561569688768,0.22763063707945597,0,658,739,34398,705,689
full,0.4,0.3,0.05,0.05,6,text,0.09855072463768116,0.0927694406548431,0.09557273366127898,970,690,733,68775,705,698
full,0.4,0.3,0.05,0.05,6,+ period/type,0.16148148148148148,0.14870395634379263,0.15482954545454547,961,675,733,36127,705,698
full,0.4,0.3,0.05,0.05,6,+ cycle check,0.165402124430956,0.14870395634379263,0.15660919540229884,0,659,733,36127,705,698
full,0.4,0.3,0.05,0.05,6,+ structure,0.2470059880239521,0.22510231923601637,0.23554603854389725,0,668,733,36127,705,698
full,0.4,0.3,0.05,0.05,7,text,0.0994236311239193,0.0931174089068826,0.09616724738675958,982,694,741,67992,705,701
full,0.4,0.3,0.05,0.05,7,+ period/type,0.1744868035190616,0.16059379217273953,0.1672522839072382,829,682,741,35578,705,701
full,0.4,0.3,0.05,0.05,7,+ cycle check,0.17164179104477612,0.15519568151147098,0.1630049610205528,0,670,741,35578,705,701
full,0.4,0.3,0.05,0.05,7,+ structure,0.25299401197604793,0.22807017543859648,0.23988644428672817,0,668,741,35578,705,701
full,0.4,0.3,0.05,0.05,8,text,0.10174418604651163,0.09395973154362416,0.09769713886950454,978,688,745,68691,705,701
full,0.4,0.3,0.05,0.05,8,+ period/type,0.16789396170839468,0.15302013422818792,0.1601123595505618,926,679,745,35640,705,701
full,0.4,0.3,0.05,0.05,8,+ cycle check,0.17417417417417416,0.15570469798657718,0.16442239546420978,0,666,745,35640,705,701
full,0.4,0.3,0.05,0.05,8,+ structure,0.23617339312406577,0.21208053691275167,0.22347949080622345,0,669,745,35640,705,701
full,0.4,0.3,0.05,0.05,9,text,0.08115942028985507,0.07557354925775979,0.0782669461914745,1028,690,741,66801,705,696
full,0.4,0.3,0.05,0.05,9,+ period/type,0.15407407407407409,0.14035087719298245,0.14689265536723164,928,675,741,34868,705,696
full,0.4,0.3,0.05,0.05,9,+ cycle check,0.1669195751138088,0.1484480431848853,0.15714285714285717,0,659,741,34868,705,696
full,0.4,0.3,0.05,0.05,9,+ structure,0.22406015037593985,0.20107962213225372,0.21194879089615934,0,665,741,34868,705,696
