overlap,noise,dropout,split,lump,method,n,precision_mean,precision_sd,recall_mean,recall_sd,f1_mean,f1_sd,contradicting_units_mean,contradicting_units_sd,true_pairs_mean,true_pairs_sd,candidates_mean,candidates_sd
trench,0.0,0.1,0.05,0.05,text,10,0.19541370975173333,0.010523409218155928,0.8457591639667111,0.04282852794871946,0.317464210436803,0.01680878025052729,529.8,16.936482646773044,53.9,0.9944289260117531,15802.8,370.58176485688614
trench,0.0,0.1,0.05,0.05,+ period/type,10,0.9878334333733494,0.019682705342045803,0.9128322900021013,0.03279838887678166,0.9486392119499949,0.02352105153420867,1.2,3.794733192202055,53.9,0.9944289260117531,430.4,53.97365612551697
trench,0.0,0.1,0.05,0.05,+ cycle check,10,0.9897942176870749,0.01983511477254452,0.9128322900021013,0.03279838887678166,0.9495549628657458,0.02385875755489657,0,0.0,53.9,0.9944289260117531,430.4,53.97365612551697
trench,0.0,0.1,0.05,0.05,+ structure,10,0.9959166666666667,0.00861066307078141,0.9186015207713321,0.03235458780966598,0.9554955569251518,0.020291197964686633,0,0.0,53.9,0.9944289260117531,430.4,53.97365612551697
trench,0.2,0.1,0.05,0.05,text,10,0.07916945599557215,0.009215853682498368,0.3411399240172825,0.03778473417873179,0.12850788071691954,0.014791415546390302,579,26.394443859772206,54.2,1.3165611772087666,16447.8,407.4063764296719
trench,0.2,0.1,0.05,0.05,+ period/type,10,0.7220201833319317,0.06766827126462714,0.6310132058716964,0.05673411709795834,0.6732523557537781,0.060361565053163174,32.7,19.78804352801627,54.2,1.3165611772087666,447.6,42.7478394515767
trench,0.2,0.1,0.05,0.05,+ cycle check,10,0.7538183669846151,0.06838955692246013,0.645729483654012,0.06712956543558722,0.6952672122099796,0.06621141514325488,0,0.0,54.2,1.3165611772087666,447.6,42.7478394515767
trench,0.2,0.1,0.05,0.05,+ structure,10,0.890850607896566,0.045382194119573935,0.7843137679930133,0.05032656104039063,0.8339217186138945,0.04603586190869673,0,0.0,54.2,1.3165611772087666,447.6,42.7478394515767
trench,0.4,0.1,0.05,0.05,text,10,0.03244229261425323,0.014303221388750263,0.13947397144765566,0.061702050398103496,0.05263594647994207,0.023216704595864474,590.6,25.303491195221792,54.8,1.8135294011647258,17188.9,469.1001906724073
trench,0.4,0.1,0.05,0.05,+ period/type,10,0.4005650335719432,0.09449465621653566,0.33803223092696777,0.07947031589838732,0.3665630718737911,0.08602905205768871,67.6,20.886997550310255,54.8,1.8135294011647258,454,42.572813442905606
trench,0.4,0.1,0.05,0.05,+ cycle check,10,0.4231748286157766,0.102662763662784,0.3382666505034926,0.08294551219978986,0.3758366004770197,0.09138566673238516,0,0.0,54.8,1.8135294011647258,454,42.572813442905606
trench,0.4,0.1,0.05,0.05,+ structure,10,0.5757089056965355,0.14411531876444078,0.4820914416967048,0.13131112632439249,0.5244350868113455,0.13712722183071616,0,0.0,54.8,1.8135294011647258,454,42.572813442905606
trench,0.4,0.3,0.05,0.05,text,10,0.03244229261425323,0.014303221388750263,0.13947397144765566,0.061702050398103496,0.05263594647994207,0.023216704595864474,230.1,80.60527967268094,54.8,1.8135294011647258,17188.9,469.1001906724073
trench,0.4,0.3,0.05,0.05,+ period/type,10,0.4005650335719432,0.09449465621653566,0.33803223092696777,0.07947031589838732,0.3665630718737911,0.08602905205768871,24.1,11.779926428745922,54.8,1.8135294011647258,454,42.572813442905606
trench,0.4,0.3,0.05,0.05,+ cycle check,10,0.40331933261361763,0.10129906803021949,0.33642263681737367,0.08628600694740352,0.3668016175102587,0.09307000091844506,0,0.0,54.8,1.8135294011647258,454,42.572813442905606
trench,0.4,0.3,0.05,0.05,+ structure,10,0.4606851455997419,0.11184299980347874,0.3878043691201586,0.09695278091873945,0.42096645922840137,0.10358319326277667,0,0.0,54.8,1.8135294011647258,454,42.572813442905606
full,0.0,0.1,0.05,0.05,text,10,0.825804928989536,0.010672041084910284,0.7722407920313507,0.009202459697344139,0.7981141671753027,0.00940123319755885,1028.4,41.38491405223782,741.5,6.720615051218651,64027.2,1117.984177983849
full,0.0,0.1,0.05,0.05,+ period/type,10,0.8693594275451628,0.009149203131755582,0.8066803798852107,0.011103120719603997,0.8368343465303094,0.009677716730588223,850.3,43.22049410998341,741.5,6.720615051218651,33382,595.2372076183858
full,0.0,0.1,0.05,0.05,+ cycle check,10,0.8788622952488533,0.01295329437813915,0.8037495555455202,0.01992171256535609,0.8396023986539696,0.016556168758271997,0,0.0,741.5,6.720615051218651,33382,595.2372076183858
full,0.0,0.1,0.05,0.05,+ structure,10,0.9651488443014642,0.00719042847719795,0.8924591986366709,0.0121494285891397,0.9273696928689231,0.00966590708655431,0,0.0,741.5,6.720615051218651,33382,595.2372076183858
full,0.2,0.1,0.05,0.05,text,10,0.3049238535950097,0.01749635344283545,0.2836277128569691,0.016830404475303474,0.2938872653789301,0.017134564651726438,1286.7,22.360928225615122,743.5,7.199537022151725,66203.8,1697.0206441486405
full,0.2,0.1,0.05,0.05,+ period/type,10,0.42119861736296726,0.017690274908116994,0.3861388173977712,0.016558049728954843,0.40290142534052714,0.017021385485961736,1201.6,47.8845834620427,743.5,7.199537022151725,34638.3,925.6512482211285
full,0.2,0.1,0.05,0.05,+ cycle check,10,0.46373818671813716,0.021198035086848917,0.3997668056035821,0.01919089590906212,0.4293738722167052,0.020061263261036875,0,0.0,743.5,7.199537022151725,34638.3,925.6512482211285
full,0.2,0.1,0.05,0.05,+ structure,10,0.7194548908071445,0.030266017517916598,0.6442431198474496,0.032036314004635115,0.6797623908339914,0.031305768653702624,0,0.0,743.5,7.199537022151725,34638.3,925.6512482211285
full,0.4,0.1,0.05,0.05,text,10,0.09622199585318117,0.013078246920111843,0.0898193827714763,0.012231518578515411,0.09290954114921522,0.012637023193710384,1317.4,18.542443803938635,736.9,4.886489310105751,67560.7,1485.7606394630925
full,0.4,0.1,0.05,0.05,+ period/type,10,0.1599788119209682,0.013825468595962988,0.14679323770102215,0.012409339071408778,0.15310035212096845,0.013067356916416887,1273,18.86207246772681,736.9,4.886489310105751,35074.4,794.304475626318
full,0.4,0.1,0.05,0.05,+ cycle check,10,0.17715173080872368,0.017607113357962226,0.14951583745557429,0.014997907389274121,0.1621632785863092,0.016190236666975433,0,0.0,736.9,4.886489310105751,35074.4,794.304475626318
full,0.4,0.1,0.05,0.05,+ structure,10,0.2700043936658946,0.034530817635258275,0.23132332005757816,0.030386703669218158,0.24916769775284162,0.03231695179326982,0,0.0,736.9,4.886489310105751,35074.4,794.304475626318
full,0.4,0.3,0.05,0.05,text,10,0.09622199585318117,0.013078246920111843,0.0898193827714763,0.012231518578515411,0.09290954114921522,0.012637023193710384,997.6,31.74621587248191,736.9,4.886489310105751,67560.7,1485.7606394630925
full,0.4,0.3,0.05,0.05,+ period/type,10,0.1599788119209682,0.013825468595962988,0.14679323770102215,0.012409339071408778,0.15310035212096845,0.013067356916416887,910.4,39.590122224840094,736.9,4.886489310105751,35074.4,794.304475626318
full,0.4,0.3,0.05,0.05,+ cycle check,10,0.163904878177007,0.013373149521272167,0.14706300519108517,0.01170512523301849,0.15502614907943235,0.012474693318334744,0,0.0,736.9,4.886489310105751,35074.4,794.304475626318
full,0.4,0.3,0.05,0.05,+ structure,10,0.2268854052276334,0.027987239360210275,0.20471427130777223,0.025081496048877522,0.21522784953186405,0.026442969715251837,0,0.0,736.9,4.886489310105751,35074.4,794.304475626318
